{"stats":{"minecraft:picked_up":{"minecraft:purple_dye":3,"minecraft:yellow_dye":2,"minecraft:magenta_dye":2,"minecraft:bedrock":1,"minecraft:light_gray_dye":1,"cursedfate:cursed_amethyst_bottle":4,"cursedfate:shinjuku_showdown_gojo_armor_chestplate":2,"cursedfate:special_grade_residue":8,"cursedfate:fallen_sorcerer_armor_boots":3,"cursedfate:fallen_sorcerer_coat_chestplate":1,"cursedfate:blessed_sorcerer_armor_chestplate":1,"minecraft:green_dye":2,"minecraft:orange_dye":1,"cursedfate:blessed_sorcerer_armor_leggings":1,"cursedfate:shinjuku_showdown_gojo_armor_leggings":2,"cursedfate:shinjuku_showdown_gojo_armor_helmet":2,"minecraft:gray_dye":3,"minecraft:white_dye":2,"cursedfate:shinjuku_showdown_gojo_armor_boots":2,"minecraft:brown_dye":2,"minecraft:black_dye":2,"minecraft:lime_dye":1,"minecraft:polished_blackstone_pressure_plate":5,"cursedfate:blessed_sorcerer_armor_helmet":1,"minecraft:polished_blackstone_button":4,"minecraft:birch_sign":9,"cursedfate:blessed_sorcerer_armor_boots":1,"minecraft:cyan_dye":1,"cursedfate:fallen_sorcerer_armor_chestplate":3,"minecraft:white_shulker_box":12,"minecraft:pink_dye":2,"cursedfate:fallen_sorcerer_armor_leggings":3},"minecraft:killed_by":{"cursedfate:shinjuku_showdown_gojoa":6},"minecraft:dropped":{"cursedfate:blessed_sorcerer_armor_boots":1,"minecraft:brown_dye":2,"minecraft:black_dye":2,"minecraft:orange_dye":1,"minecraft:cyan_dye":1,"minecraft:pink_dye":2,"cursedfate:fallen_sorcerer_armor_chestplate":1,"minecraft:lime_dye":1,"cursedfate:fallen_sorcerer_armor_leggings":1,"minecraft:bedrock":1,"minecraft:white_shulker_box":3,"minecraft:purple_dye":3,"cursedfate:shinjuku_showdown_gojo_armor_boots":2,"cursedfate:fallen_sorcerer_coat_chestplate":1,"cursedfate:cursed_amethyst_bottle":1,"cursedfate:blessed_sorcerer_armor_helmet":1,"cursedfate:shinjuku_showdown_gojo_armor_leggings":2,"cursedfate:special_grade_residue":4,"cursedfate:shinjuku_showdown_gojo_armor_helmet":2,"minecraft:green_dye":2,"minecraft:yellow_dye":2,"cursedfate:blessed_sorcerer_armor_leggings":1,"cursedfate:shinjuku_showdown_gojo_armor_chestplate":2,"minecraft:light_gray_dye":2,"minecraft:white_dye":2,"cursedfate:blessed_sorcerer_armor_chestplate":1,"minecraft:magenta_dye":2,"cursedfate:fallen_sorcerer_armor_boots":1,"minecraft:gray_dye":3},"minecraft:used":{"minecraft:orange_dye":1,"minecraft:writable_book":5,"cursedfate:unlimited_void_air":1,"minecraft:flint_and_steel":12,"minecraft:redstone":1,"minecraft:chest":2,"minecraft:ender_chest":4,"cursedfate:shinjuku_showdown_sukunaa_spawn_egg":1,"minecraft:stone":350,"minecraft:redstone_block":2,"minecraft:white_shulker_box":9,"minecraft:white_dye":7,"minecraft:glow_ink_sac":21,"minecraft:player_head":21,"minecraft:structure_block":25,"cursedfate:mummified_head":1,"minecraft:polished_blackstone_pressure_plate":9,"minecraft:dirt":19,"minecraft:blue_dye":1,"minecraft:brown_dye":2,"minecraft:anvil":1,"minecraft:comparator":1,"minecraft:light_blue_dye":1,"minecraft:green_dye":1,"minecraft:birch_sign":65,"minecraft:cyan_dye":3,"cursedfate:soul_shrine_domain_black_bricks":1,"cursedfate:soul_shrine_domain_bricks":1,"minecraft:pink_dye":2,"minecraft:yellow_dye":1,"minecraft:lever":4,"minecraft:light":23,"minecraft:command_block":88,"minecraft:grass_block":261,"cursedfate:unlimited_void_block":147,"cursedfate:mouth_curse_spawn_egg":3,"minecraft:purple_dye":6,"minecraft:bedrock":73,"cursedfate:shinjuku_showdown_gojoa_spawn_egg":4,"minecraft:pink_bed":1,"minecraft:reinforced_deepslate":357,"minecraft:repeater":1,"minecraft:written_book":1,"minecraft:black_dye":1,"minecraft:chain_command_block":67,"minecraft:repeating_command_block":25,"minecraft:polished_blackstone_button":27,"minecraft:red_dye":10,"minecraft:magenta_dye":5,"minecraft:splash_potion":9},"minecraft:killed":{"minecraft:bat":6,"minecraft:creeper":1,"cursedfate:mouth_curse":3,"minecraft:sheep":1,"minecraft:skeleton":2,"cursedfate:shinjuku_showdown_gojoa":5,"minecraft:warden":1,"cursedfate:vfx_black_flash":1,"cursedfate:shinjuku_showdown_sukunaa":6},"minecraft:custom":{"minecraft:interact_with_anvil":2,"minecraft:mob_kills":28,"minecraft:open_shulker_box":10,"minecraft:damage_dealt_resisted":68551,"minecraft:leave_game":7,"minecraft:time_since_death":387,"minecraft:damage_resisted":68988,"minecraft:time_since_rest":415,"minecraft:sprint_one_cm":874207,"minecraft:open_enderchest":16,"minecraft:damage_taken":8564,"minecraft:walk_one_cm":617633,"minecraft:drop":50,"minecraft:damage_dealt":167,"minecraft:fly_one_cm":2243282,"minecraft:open_chest":48,"minecraft:crouch_one_cm":10453,"minecraft:play_time":438181,"minecraft:deaths":99,"minecraft:sneak_time":17152,"minecraft:jump":3620,"minecraft:total_world_time":512905,"minecraft:fall_one_cm":67408},"minecraft:mined":{"minecraft:fire":9}},"DataVersion":3465}